"id","food_id","calories_100g","protein_g_100g","carbs_g_100g","fat_g_100g","saturated_fat_g_100g","fiber_g_100g","sugar_g_100g","sodium_mg_100g","calcium_mg_100g","iron_mg_100g","vitamin_c_mg_100g","created_at","updated_at"
"ae95787d-c963-4f13-9860-88684de83b98","08443ad3-a197-4a35-a591-cdd2aab266c4","233.67","7.35","14.90","17.10","2.22","5.40","0.34","438.00","41.00","2.41","0.00","2026-01-07T15:52:44.949464","2026-01-07T15:52:44.949464"
"f346de1a-f2ae-4757-93dd-cc185f2c5f37","395a3ca8-efed-467e-a81d-99db7b860db4","28.33","0.83","5.51","0.63","","2.10","","6.00","11.00","0.33","27.20","2026-01-07T15:52:44.949464","2026-01-07T15:52:44.949464"
"14c5a1a1-0a0c-4e50-9c90-9cfa170be6eb","66a7641a-8270-4dc6-9772-0051bffd485c","21.67","1.04","4.11","0.39","","","1.29","282.00","36.00","0.78","","2026-01-07T15:52:44.949464","2026-01-07T15:52:44.949464"
"3ad90d65-6481-4146-853a-59c69207667f","d67235c2-7ef5-4803-8185-47b7ec2ee8e7","312.67","11.70","2.89","28.00","11.40","","1.26","872.00","15.00","1.14","","2026-01-07T15:52:44.949464","2026-01-07T15:52:44.949464"
"92d3f1fc-81ee-4b8f-aa21-975163c7a234","568eae66-b0bb-40fd-b0be-75c4df8a5068","636.00","20.40","16.20","57.80","4.56","11.00","4.17","256.00","273.00","3.17","0.00","2026-01-07T15:52:44.949464","2026-01-07T15:52:44.949464"
"1d8a6b9f-ab1a-4552-9d02-1db438349e61","9e5da1e2-7e56-4180-b9d3-c3e054e4b5ab","37.67","2.92","4.42","1.49","","4.10","0.80","53.00","254.00","1.60","93.40","2026-01-07T15:52:44.949464","2026-01-07T15:52:44.949464"
"fc31ab92-cb2e-4b67-9ba2-bd317c3bc0c9","f62d5f8d-9fc1-43b4-bda8-f5cc7d9ba438","148.67","12.30","0.91","10.30","","","","121.00","55.00","1.77","","2026-01-07T15:52:44.949464","2026-01-07T15:52:44.949464"
"df7478a3-3576-4489-8208-10d9c3af4e93","f84a0d73-f6be-4109-bc05-252824d29f40","47.00","10.10","0.74","0.16","","","","144.00","9.00","0.18","","2026-01-07T15:52:44.949464","2026-01-07T15:52:44.949464"
"9dd553e2-a295-4193-bfb2-611c24ee2f90","61fd8b51-6265-4b99-bb94-edc8aeccfe45","367.33","79.90","6.02","0.65","","","","1250.00","104.00","0.00","","2026-01-07T15:52:44.949464","2026-01-07T15:52:44.949464"
"99ed75d2-6fca-406a-84b4-fa58d9356ae9","158c21be-a132-4a26-8a40-db0dee86549f","290.00","4.52","36.30","14.40","2.15","2.40","4.50","374.00","28.00","1.14","1.60","2026-01-07T15:52:44.949464","2026-01-07T15:52:44.949464"
"bc0501cd-6bbb-4602-9e7e-2b327837f624","747729e6-c321-42e5-b0d6-a096e1190642","12.67","0.48","1.99","0.43","","1.00","1.28","808.00","54.00","0.23","2.10","2026-01-07T15:52:44.949464","2026-01-07T15:52:44.949464"
"da9de585-641b-422a-b8a0-e15419fac89f","a6f2f8ad-9861-4e4b-b719-cc7811d7caea","420.33","29.60","12.40","28.00","15.50","","0.07","1750.00","884.00","0.45","","2026-01-07T15:52:44.949464","2026-01-07T15:52:44.949464"
"782c9fb5-35da-4006-b76d-8b56a4c2b9dd","47e60422-be14-45b5-a4a2-cfb1951ea90c","366.67","18.00","5.27","30.60","18.10","","2.63","1660.00","866.00","0.48","","2026-01-07T15:52:44.949464","2026-01-07T15:52:44.949464"
"0e429f71-7671-4a3d-beb2-8cc6ae31b7e1","6215431d-39e6-48bd-b5f4-97266a2621d4","37.67","0.55","7.59","0.70","","0.20","7.72","1.00","16.00","0.07","39.40","2026-01-07T15:52:44.949464","2026-01-07T15:52:44.949464"
"531b68a0-421e-4a98-894f-26a73bea608e","83cd0a7d-4b60-4909-9258-2020d7a081ec","43.33","0.91","10.10","0.27","","1.50","8.39","13.00","4.00","0.34","4.10","2026-01-07T15:52:44.949464","2026-01-07T15:52:44.949464"
"052178f3-9aa4-4327-b9a1-06291a2e6089","894d94b3-7217-43b7-9147-6ec9c0122ac6","627.00","21.00","17.10","56.10","5.36","10.30","3.14","532.00","78.00","5.21","0.00","2026-01-07T15:52:44.949464","2026-01-07T15:52:44.949464"
"f4c04fed-e0cf-4cc7-bcb4-1cf65ff39b71","d6ccda8e-6dd0-4cf9-affb-5eb38da0aa55","269.00","9.43","49.20","3.59","0.82","2.30","5.34","477.00","211.00","3.36","","2026-01-07T15:52:44.949464","2026-01-07T15:52:44.949464"
"044c3d3b-a91f-4afb-8d43-5c55ab08bf44","763a47cf-4ff5-4915-aa82-21dd9ea1b46c","38.67","2.94","5.30","1.21","","","1.12","16.00","150.00","0.84","17.80","2026-01-07T15:52:44.949464","2026-01-07T15:52:44.949464"
"efe8e911-0ee7-4c1f-9db5-7d1f6e45de00","fe849d37-fa81-448e-b8bf-572b371bcfe3","63.67","4.25","5.30","3.38","0.25","4.30","1.42","1100.00","63.00","1.59","0.40","2026-01-07T15:52:44.949464","2026-01-07T15:52:44.949464"
"3067c3c7-e793-4f81-99d5-b1bea1db9b6b","95e18447-0789-4da4-b510-3be5b5b2bf10","60.00","1.06","14.00","0.44","","3.00","8.99","5.00","35.00","0.24","74.70","2026-01-07T15:52:44.949464","2026-01-07T15:52:44.949464"
"6c45a11f-c595-456e-a559-a9389e5329fa","047d4434-680f-4d6b-b35e-63a62ca1fc69","40.33","1.06","9.18","0.28","0.00","1.50","7.89","13.00","2.00","0.30","2.90","2026-01-07T15:52:44.949464","2026-01-07T15:52:44.949464"
"7e04e39a-5c56-483a-ab65-f4a430d4fda4","ebadd1f9-9fd4-4a05-bbfd-d722b8a07547","408.33","23.30","2.44","34.00","19.20","","0.33","654.00","707.00","0.16","","2026-01-07T15:52:44.949464","2026-01-07T15:52:44.949464"
"3eb6ff75-ff31-429c-8b7d-7beb787dbf3b","214f4b35-1003-413e-89ff-11092e610ece","83.33","11.00","4.31","2.30","1.26","","4.10","321.00","103.00","0.13","","2026-01-07T15:52:44.949464","2026-01-07T15:52:44.949464"
"163fdaba-048c-43fc-b9a8-a017f5fb927f","b68a6942-568e-4bad-88bf-2d79a76892ca","297.33","23.70","4.44","20.40","11.70","","1.81","699.00","693.00","0.20","","2026-01-07T15:52:44.949464","2026-01-07T15:52:44.949464"
"db84b41e-4d50-40e1-887d-fd0eaec8a268","abccc56e-5768-41c5-b890-d5dc496f9eda","569.67","48.10","1.87","39.80","","","","485.00","220.00","6.97","","2026-01-07T15:52:44.949464","2026-01-07T15:52:44.949464"
"d25791de-be86-402c-a829-5df34d5b92f6","7eef31d3-de8f-46b0-a220-06191dd3b19a","294.67","15.60","0.59","25.10","","","","66.00","119.00","4.13","","2026-01-07T15:52:44.949464","2026-01-07T15:52:44.949464"
"fef07d9c-79a1-450a-88e2-4d43932ba636","c80abc01-c16a-49bb-8a38-95268b514e6a","649.67","34.20","1.07","55.50","","","","149.00","270.00","9.28","","2026-01-07T15:52:44.949464","2026-01-07T15:52:44.949464"
"b8697f38-6a3f-473a-914a-610d418cbc3f","8c71cff2-dbb4-4455-bfc2-d43a74166422","60.33","10.30","3.64","0.37","0.11","","3.27","36.00","111.00","0.07","","2026-01-07T15:52:44.949464","2026-01-07T15:52:44.949464"
"22c18fdd-5ce2-4374-a185-2f28f7bc85fe","5792c7d0-c8ae-4f20-b06a-e37ac83c882e","82.67","8.06","12.20","0.15","0.10","0.60","11.50","32.00","97.00","0.09","0.20","2026-01-07T15:52:44.949464","2026-01-07T15:52:44.949464"
"182407cd-b740-426f-bb82-214dbbfa577a","bf03a6a6-2259-41d5-a324-36a4d8041a75","853.67","0.00","0.84","99.10","82.50","","","0.00","1.00","0.05","","2026-01-07T15:52:44.949464","2026-01-07T15:52:44.949464"
"a2ad8625-8537-45a7-8e62-566b1f669f09","b51860e9-4dfa-4769-8777-48c5370d1031","153.67","23.90","0.00","5.95","1.60","","","117.00","12.00","0.94","","2026-01-07T15:52:44.949464","2026-01-07T15:52:44.949464"
"070381c7-d91d-4086-82d7-2d7b4f079dd2","d912ea11-ee9a-480d-9e8a-bd86b5cb8680","163.33","32.10","0.00","3.24","1.01","","","47.00","6.00","0.49","","2026-01-07T15:52:44.949464","2026-01-07T15:52:44.949464"
"4b5014dd-8f7b-4676-8979-6fa5dca26ae7","0f3946e2-9a44-4e88-84b2-841f00a62e49","47.00","1.41","8.05","1.48","0.17","1.80","5.50","419.00","27.00","0.78","","2026-01-07T15:52:44.949464","2026-01-07T15:52:44.949464"
"a46fd2c2-14fa-467b-a095-b5feb3069572","6f8aa215-0289-4c0f-b2fe-e427ddac2bda","104.33","16.70","0.27","3.73","1.12","","","1040.00","5.00","0.58","","2026-01-07T15:52:44.949464","2026-01-07T15:52:44.949464"
"a68fb2e1-3b46-4d91-a308-2635f641f5f2","99c60769-5a41-45aa-a430-8cf1ba42a11a","133.67","1.15","4.96","12.90","2.30","4.00","0.00","1620.00","121.00","0.31","0.00","2026-01-07T15:52:44.949464","2026-01-07T15:52:44.949464"
"b6ca1c63-4125-42f2-8a26-a12479b5d0dd","76c84c12-b3a4-4cce-90b6-c3e4925406ce","430.00","5.79","69.60","14.30","4.78","3.30","34.80","314.00","29.00","2.28","","2026-01-07T15:52:44.949464","2026-01-07T15:52:44.949464"
"76acfff3-e48f-4b4d-81f5-6565061bc66a","d2686660-d0ae-450b-a7d4-ad50c70fd3a7","19.00","0.84","3.32","0.50","","","2.99","125.00","30.00","0.57","","2026-01-07T15:52:44.949464","2026-01-07T15:52:44.949464"
"92e9367e-b686-4a7e-ac85-d069a5f9c528","1315af2e-1bba-4252-9e75-c0926f9f4ef3","72.33","16.30","0.00","0.45","0.09","","","213.00","11.00","0.17","","2026-01-07T15:52:44.949464","2026-01-07T15:52:44.949464"
"76dd1451-3c44-4f3a-9ba1-d78cfc0a5f81","d3e9f67e-1c15-4de3-91a8-ce769e428d9d","55.00","12.30","0.00","0.41","0.13","","","333.00","15.00","0.22","0.00","2026-01-07T15:52:44.949464","2026-01-07T15:52:44.949464"
"194fa261-045c-402e-9165-727e6474c85a","ba19648e-0648-45d2-ba03-5b09053de7c6","88.33","19.00","0.08","0.94","0.22","","0.00","219.00","18.00","1.67","","2026-01-07T15:52:44.949464","2026-01-07T15:52:44.949464"
"49109cb6-7f14-4e83-95d6-4de3e05be1e3","7a5f6f85-332e-42cb-af66-ea173e964a3f","174.00","3.84","32.50","3.19","0.49","","0.62","361.00","11.00","0.46","","2026-01-07T15:52:44.949464","2026-01-07T15:52:44.949464"
"86ac0453-b289-421d-8213-6bae2ff2f4fc","1b7725c9-f102-4683-a145-fe84b75ca976","174.00","7.38","15.80","9.04","2.69","2.40","0.46","473.00","75.00","0.87","","2026-01-07T15:52:44.949464","2026-01-07T15:52:44.949464"
"f62ead13-d04d-49c5-9bf4-418713ce0453","3a7448cc-cff5-43e7-9dd5-7d2d25ae93f6","229.00","5.59","31.50","9.01","2.19","5.80","1.30","305.00","51.00","1.46","","2026-01-07T15:52:44.949464","2026-01-07T15:52:44.949464"
"ea7d8225-3945-49dd-90e2-c45d98d20395","1cb21228-a654-4564-bee0-5838c3972453","254.00","12.30","43.10","3.55","0.73","6.00","4.41","450.00","163.00","2.56","","2026-01-07T15:52:44.949464","2026-01-07T15:52:44.949464"
"283d2269-e0a2-4ccb-b0a2-c59aecef2449","cf2d3787-98b2-4520-886a-934782dbc389","173.33","27.70","0.00","6.36","2.47","","","54.00","13.00","3.04","","2026-01-07T15:52:44.949464","2026-01-07T15:52:44.949464"
"41ca7ca7-1adb-4043-8398-8ce5e22ed709","fbcbe791-f396-405d-82d7-9456dd641d4e","153.00","22.80","0.00","6.39","2.56","","","45.00","15.00","1.90","","2026-01-07T15:52:44.949464","2026-01-07T15:52:44.949464"
"1d36426d-59e6-4765-99b0-dfe8cc3e220f","cce5b674-0bf4-4a4f-a248-ac18b31765c8","120.00","23.40","0.00","2.48","0.95","","","50.00","13.00","1.37","","2026-01-07T15:52:44.949464","2026-01-07T15:52:44.949464"
"7c309b01-efe1-407d-bf46-ccb70d0fc8c2","53964433-b739-4f52-8ffc-77a02d1d8d7b","120.67","23.70","0.00","2.41","0.92","","","55.00","13.00","2.34","","2026-01-07T15:52:44.949464","2026-01-07T15:52:44.949464"
"89d467c0-3e41-406d-bc8c-b254ed34b5e3","017b64b8-d4e5-4a95-b748-f6b529c4f8d5","143.00","22.70","0.00","5.32","2.07","","","43.00","19.00","2.26","","2026-01-07T15:52:44.949464","2026-01-07T15:52:44.949464"
"e4a41644-6136-403b-b51a-58e9f60ef412","578f53ff-5299-4987-98cd-96baf696edbd","216.67","27.30","0.00","11.40","4.68","","","67.00","19.00","3.53","","2026-01-07T15:52:44.949464","2026-01-07T15:52:44.949464"
"375ce2cb-b8a9-4a70-a1a6-8db3d2800b2f","437b19dc-d43a-45b1-b740-79b4ab678b86","37.67","0.81","7.92","0.47","0.00","3.20","4.20","66.00","33.00","0.43","2.20","2026-01-07T15:52:44.949464","2026-01-07T15:52:44.949464"
"c3d0cada-b524-4ace-b7c2-7a9bd3188bd1","6e3da28b-ccc9-4df2-b013-a603825e4161","325.67","24.50","2.07","24.30","13.70","","0.43","1810.00","661.00","0.18","","2026-01-07T15:52:44.949464","2026-01-07T15:52:44.949464"
"396a31a0-1140-4a52-a3b7-666511c7de6b","6d88ad15-8b31-46b1-97c1-2c3cd9d6ebed","157.33","7.81","6.86","11.00","6.97","","","105.00","224.00","0.10","","2026-01-07T15:52:44.949464","2026-01-07T15:52:44.949464"
"352889f8-e6e8-43f5-931f-1d25dd642331","c7609fe4-5a03-4802-a25f-306841f77698","393.00","27.00","1.44","31.00","18.20","","0.00","185.00","890.00","0.13","","2026-01-07T15:52:44.949464","2026-01-07T15:52:44.949464"
"fb52b7e7-9edf-42a9-a68f-7d525e3c2f2e","d49dc54d-2bc5-4b2c-b42f-4bd74aacb85c","258.33","3.30","63.90","0.92","","9.80","47.90","10.00","162.00","2.03","1.20","2026-01-07T15:52:44.949464","2026-01-07T15:52:44.949464"
"6655c5b6-975f-41df-a069-a982cf6f822b","7d5a1b9a-145c-4119-ad00-39e226c4dab5","18.00","1.24","3.24","0.26","","1.80","1.19","","35.00","0.95","4.60","2026-01-07T15:52:44.949464","2026-01-07T15:52:44.949464"
"a8434a36-9d69-4f5e-9c03-362f64cf06ef","616e7a7a-5053-4f60-a620-6f91143bd588","35.33","0.82","8.16","0.18","","0.80","7.88","30.00","9.00","0.38","10.90","2026-01-07T15:52:44.949464","2026-01-07T15:52:44.949464"
"bcb0741d-3b8f-42b5-a0df-bee19e762c8a","b60353a9-c608-436b-83cf-4fdc68e8ece1","48.67","0.91","11.80","0.15","","2.00","8.57","9.00","43.00","0.33","59.10","2026-01-07T15:52:44.949464","2026-01-07T15:52:44.949464"
"00b84a35-9148-48f5-b45b-b8f8dd404500","7ba36d1b-5004-4750-a2b8-10f467a2bec6","43.00","3.38","5.18","0.95","0.57","","4.96","39.00","126.00","0.00","","2026-01-07T15:52:44.949464","2026-01-07T15:52:44.949464"
"bf3d69a8-f40c-4faa-8291-14082d827c13","0987c77a-6366-4594-a235-bbad5a72c74c","59.00","0.38","15.10","0.16","","3.10","9.69","7.00","8.00","0.17","4.40","2026-01-07T15:52:44.949464","2026-01-07T15:52:44.949464"
"c32ad0f5-30c3-469b-8449-485fa76a61e2","635d8a78-0c29-490d-9e15-000b0e75c13b","260.00","8.88","25.50","13.60","2.68","1.00","10.30","304.00","46.00","3.07","2.30","2026-01-07T15:52:44.949464","2026-01-07T15:52:44.949464"
"a4fd9a66-4959-477b-861b-c5de1792e38d","d7386c07-550f-4708-837e-15dd66f1a41c","0.00","","","","","","","38700.00","50.00","0.00","","2026-01-07T15:52:44.949464","2026-01-07T15:52:44.949464"
"97e5a0ab-aaa6-4f5c-bd0c-6514eb3a8f63","b2debfeb-5dba-406d-8023-97284786a4b6","34.00","3.43","4.92","0.08","0.05","","5.05","41.00","132.00","0.00","","2026-01-07T15:52:44.949464","2026-01-07T15:52:44.949464"
"a2bee91f-db23-44ba-82e6-96b9f28675cf","be184955-1fbe-49cb-9b4b-f11c2ad1099c","30.67","1.44","6.74","0.19","","1.80","3.81","656.00","28.00","0.42","","2026-01-07T15:52:44.949464","2026-01-07T15:52:44.949464"
"eb352346-1cb0-48bd-9057-73185cb7249d","f46e8cd5-1ce6-45ae-ba97-ba74d0ea70b7","50.00","3.36","4.90","1.90","1.11","","4.89","39.00","126.00","0.00","","2026-01-07T15:52:44.949464","2026-01-07T15:52:44.949464"
"a43086ca-e238-48b2-a94f-9d2a4535c6dc","7f5f2774-7811-48c2-ac4c-9d669efd6b61","338.33","13.30","3.37","28.70","11.30","","1.00","866.00","35.00","1.55","19.20","2026-01-07T15:52:44.949464","2026-01-07T15:52:44.949464"
"3015f52b-bc3e-4362-b854-e79a1b2ff59a","125c240a-00fd-4676-840c-bf525703c294","320.33","18.20","2.15","26.20","9.15","","1.46","766.00","12.00","1.29","","2026-01-07T15:52:44.949464","2026-01-07T15:52:44.949464"
"8946d39b-afa9-4632-b38f-8643b9b913d3","b0d8b61e-3aad-485c-ba8f-28786e6a19d0","346.00","19.30","2.63","28.10","9.45","","","983.00","37.00","2.34","","2026-01-07T15:52:44.949464","2026-01-07T15:52:44.949464"
"36de280c-25f9-4f7e-961c-1d81990ca053","9bac4e21-10bd-4631-aa1b-9715d55862e3","60.33","3.27","4.63","3.20","1.86","","4.81","38.00","123.00","0.00","","2026-01-07T15:52:44.949464","2026-01-07T15:52:44.949464"
"ad67a035-6bdd-4aba-8fea-c67cb204c2b7","b6bf9cb1-9081-4aaa-b307-26af4aa74288","167.33","16.70","0.93","10.40","2.53","","","599.00","32.00","1.17","","2026-01-07T15:52:44.949464","2026-01-07T15:52:44.949464"
"91c88950-998f-46cd-b5b0-29257edb58c4","9fe70205-0c36-428c-bbb6-0f75ba95fa54","390.33","0.00","99.60","0.32","","","99.80","1.00","1.00","0.05","","2026-01-07T15:52:44.949464","2026-01-07T15:52:44.949464"
"29bf2556-d616-4480-9baf-4cb93da837c2","636839c6-dd69-4811-8921-f481eb2d0eb6","217.67","27.10","0.00","11.60","2.97","","","90.00","31.00","1.56","","2026-01-07T15:52:44.949464","2026-01-07T15:52:44.949464"
"a1e8272c-49ed-4de2-907b-00b1ceddc8ee","1e731c59-dd1b-4ca9-bc8c-4f92a2df53f1","122.67","19.60","2.36","3.68","1.25","","2.20","1030.00","6.00","0.86","","2026-01-07T15:52:44.949464","2026-01-07T15:52:44.949464"
"856b71b2-ba2e-411a-aaf0-ab680ec1cb5f","6ed45916-4735-41d7-8dbe-bd384969710c","374.33","17.50","6.35","31.10","17.70","","3.76","1600.00","508.00","0.24","","2026-01-07T15:52:44.949464","2026-01-07T15:52:44.949464"
"874a60f1-b7a7-4b45-a8da-509cd6a0fbf3","e563c210-b5de-4625-98d8-57e3c721fedc","34.00","2.57","6.27","0.34","0.04","2.40","1.40","36.00","46.00","0.69","91.30","2026-01-07T15:52:44.949464","2026-01-07T15:52:44.949464"
"406c819e-75eb-4501-ae21-07e472a178e1","4a4a5438-ea6f-4064-86e9-408f912b9f00","112.33","1.11","26.80","0.55","","","21.80","949.00","14.00","0.43","","2026-01-07T15:52:44.949464","2026-01-07T15:52:44.949464"
"e7c9a4a4-ae2b-4dd7-a8e4-0c8b3cd51a9a","69dfe774-9469-462a-b15a-79907add37f6","54.00","10.70","2.36","0.00","","","","","","","","2026-01-07T15:52:44.949464","2026-01-07T15:52:44.949464"
"597fb264-e8ac-4b94-adf9-42f4f636aa6c","ce9546ff-67fb-4f6f-9047-a0d414a504fc","332.00","16.20","1.02","28.80","","","","","","","","2026-01-07T15:52:44.949464","2026-01-07T15:52:44.949464"
"2906f93e-54a1-452d-a285-e757da6a0d06","9027c1e8-ab4b-4d07-8c5b-382eb4f7856b","146.00","12.40","0.96","9.96","3.20","0.00","0.20","129.00","48.00","1.67","","2026-01-07T15:52:44.949464","2026-01-07T15:52:44.949464"
"c1a99361-01f8-46e0-95ea-45f284581c17","543a3890-ca05-452a-a1fb-ef0a689495af","504.33","40.90","2.10","36.50","12.60","","3.14","1830.00","13.00","1.28","","2026-01-07T15:52:44.949464","2026-01-07T15:52:44.949464"
"6a086ddc-1ea2-4e4a-b3c3-51cf1b4ca371","138a4c11-dafc-441b-80e1-8459ccb6e23b","369.00","10.90","77.30","1.48","","","","2.00","19.00","5.62","","2026-01-07T15:52:44.949464","2026-01-07T15:52:44.949464"
"d3f0b46d-c071-4d64-950c-9cac56b4b930","8e1ac495-45e6-4426-8240-8c9b309e90d7","361.33","13.10","73.20","1.48","","","","4.00","21.00","5.41","","2026-01-07T15:52:44.949464","2026-01-07T15:52:44.949464"
"4594e9ea-30b5-41cf-9059-56cfd761bc5d","cb21778c-f8dc-4c3b-8d8e-f7b51449e03b","364.67","12.00","74.60","1.70","","3.00","","2.00","22.00","1.18","","2026-01-07T15:52:44.949464","2026-01-07T15:52:44.949464"
"ebf48c11-ef2c-47f7-b7b5-b23cf62efd41","d6338d2a-a1eb-4262-9e50-59b15f1a7241","362.00","15.10","71.20","2.73","","10.60","","3.00","38.00","3.86","","2026-01-07T15:52:44.949464","2026-01-07T15:52:44.949464"
"3f945bb5-ac08-4327-87f0-d0d1a23adf01","672a9a0b-f2cc-4dc9-9380-292eeb6ade93","366.00","14.30","72.80","1.65","","","","3.00","19.00","5.55","","2026-01-07T15:52:44.949464","2026-01-07T15:52:44.949464"
"b3e82f1c-dad4-4197-8b57-b7847113a1e4","74582fc0-0910-43d8-bf87-a041d3367b95","362.33","6.94","79.80","1.30","","0.50","","5.00","6.00","0.22","","2026-01-07T15:52:44.949464","2026-01-07T15:52:44.949464"
"2314d326-1dbd-4c8e-a057-dcd2d47b61d9","b4b3b6be-a7e1-4aa7-afc9-3001c926f028","366.67","6.20","80.80","1.74","","4.30","1.04","0.00","0.00","4.44","","2026-01-07T15:52:44.949464","2026-01-07T15:52:44.949464"
"7854fcd3-942e-42db-8b69-cee240e0c393","b25eeae3-bc42-4266-9d3c-d197b2739622","43.33","0.94","9.93","0.10","","2.20","5.76","1.00","17.00","0.24","8.10","2026-01-07T15:52:44.949464","2026-01-07T15:52:44.949464"
"edb107c1-a1c7-4e80-a966-f6f06b6ff7ff","b07b80b8-e0b2-438f-81d9-6de097071b97","37.33","0.83","8.61","0.05","","1.90","5.82","1.00","15.00","0.28","8.20","2026-01-07T15:52:44.949464","2026-01-07T15:52:44.949464"
"1ea8122c-79ad-49e3-9f59-4d20053e195a","5eae3eeb-4cde-48b8-89b5-34bab773e713","138.67","6.62","28.20","0.38","","2.70","","","","","10.00","2026-01-07T15:52:44.949464","2026-01-07T15:52:44.949464"
"58ab5a6c-0d7c-47c8-b5d6-1ee77056f527","6b550730-716d-40f1-af62-b78e5b961047","357.00","51.10","32.90","3.33","","","","2.00","338.00","7.34","","2026-01-07T15:52:44.949464","2026-01-07T15:52:44.949464"
"105c054c-1b43-4ac0-8908-7812a4c6aed6","a07fe433-b9e5-4061-b499-7cfee9fd82a5","441.67","38.60","27.90","20.70","","","","2.00","258.00","9.51","","2026-01-07T15:52:44.949464","2026-01-07T15:52:44.949464"
"316569b2-27ec-4e8b-af8b-84a6f043a1cd","09b97612-9ca8-4f23-9f1d-b48df7383801","366.08","7.19","75.50","3.85","","","","1.00","10.00","1.50","","2026-01-07T15:52:44.949464","2026-01-07T15:52:44.949464"
"4871fa6a-4666-4351-bf9e-4474a70e1512","87184f8d-bd73-4f70-868c-96c4332848cf","361.33","6.69","80.10","1.16","","","","6.00","10.00","0.34","","2026-01-07T15:52:44.949464","2026-01-07T15:52:44.949464"
"59e409b7-69cc-4b66-bf6f-59cfa5f37ca5","a4afb246-30e4-4fe1-9412-971042441f13","361.33","8.75","77.20","1.64","","","","1.00","17.00","0.87","","2026-01-07T15:52:44.949464","2026-01-07T15:52:44.949464"
"cb2f50fe-740b-49f1-a80b-f61f13827750","1bc6ec11-61d3-47df-a40b-dbcf74f0e521","34.67","0.89","7.68","0.13","","1.20","5.76","2.00","21.00","0.15","","2026-01-07T15:52:44.949464","2026-01-07T15:52:44.949464"
"0895cfa7-866a-40d7-9fc3-fb1abb6e24ba","9ae22ae1-c839-4489-a4f6-90a7407fd081","82.33","0.73","20.10","0.22","","1.70","15.80","","","","9.70","2026-01-07T15:52:44.949464","2026-01-07T15:52:44.949464"
"7f755ed2-e3ac-4905-8800-923c421978bb","245837a8-b850-496d-ade6-768469ddf006","94.33","0.74","23.00","0.29","","1.70","15.80","0.00","5.00","0.00","12.30","2026-01-07T15:52:44.949464","2026-01-07T15:52:44.949464"
"a1fbcecd-aea4-4d53-b76c-5b0077eecd58","560953d3-fec2-4238-858f-e219f9568f38","58.71","0.19","14.78","0.21","","2.04","12.22","0.00","4.66","0.00","","2026-01-07T15:52:44.949464","2026-01-07T15:52:44.949464"
"a86faec1-a4fa-4545-b70e-74ecf9433c95","5152707a-6484-4234-8281-515c74b69992","61.43","0.15","15.65","0.16","","2.08","13.33","1.01","5.98","0.02","","2026-01-07T15:52:44.949464","2026-01-07T15:52:44.949464"
"de5631e1-12c2-490e-9c29-fd6e24e4c457","630aade9-141e-4fe3-8c0f-95eae73b2131","57.91","0.13","14.77","0.15","","2.11","11.84","0.28","6.64","0.06","","2026-01-07T15:52:44.949464","2026-01-07T15:52:44.949464"
"c69b69f7-0d44-4a6e-bbd4-170850f237a2","93defb23-0d54-4893-9282-08cce137e042","55.91","0.27","14.14","0.14","","2.51","10.65","0.00","5.48","0.07","","2026-01-07T15:52:44.949464","2026-01-07T15:52:44.949464"
"b3cdb71a-cf39-4dc4-b7ce-09a13587e260","1d3e4116-9d10-412e-a561-b9a8c0e03fac","57.03","0.10","14.68","0.10","","1.72","12.37","0.14","3.87","0.00","","2026-01-07T15:52:44.949464","2026-01-07T15:52:44.949464"
"bd98f55d-4f22-4e83-98c5-0b2c610dfacf","bd7388a6-9b00-473c-85b3-0da0ac55acdf","38.89","2.50","7.59","0.26","","4.38","","0.34","0.00","0.69","","2026-01-07T15:52:44.949464","2026-01-07T15:52:44.949464"
"dc1f1fb2-741f-4bac-a446-f343a4739002","29cb1afe-4f17-4e4d-aaff-bce5a8c6d12e","37.18","2.90","6.94","0.19","","2.85","","1.13","0.00","0.70","","2026-01-07T15:52:44.949464","2026-01-07T15:52:44.949464"
"7511b07a-cf5f-4b90-a90e-918e539b3a81","eadf58ca-fd14-4e09-9b03-3ad174445951","40.24","2.41","8.17","0.20","","4.17","","0.94","0.77","0.14","","2026-01-07T15:52:44.949464","2026-01-07T15:52:44.949464"
"d049c57d-e6c0-4d6d-995e-60318e7e61ae","dbf82f65-1f47-4ca8-95ce-8c0a8fdbf600","28.05","2.89","4.08","0.37","","1.72","","6.44","5.46","0.23","","2026-01-07T15:52:44.949464","2026-01-07T15:52:44.949464"
"a4cbc303-8d32-492a-a94f-92497f00b818","378a52d9-f5b9-489a-9538-7ba9b9c6160a","38.48","3.55","1.29","2.12","0.31","0.00","0.56","34.28","101.00","0.54","","2026-01-07T15:52:44.949464","2026-01-07T15:52:44.949464"
"2341c29f-56d2-466b-a623-05818694d219","4d9f0053-fac3-4352-9c2b-074cd5d15923","14.56","0.55","0.34","1.22","0.10","0.00","0.00","59.58","172.70","0.29","","2026-01-07T15:52:44.949464","2026-01-07T15:52:44.949464"
"3c4660a7-a77b-4482-a418-5a5ef6171f5b","bb51a73d-42ae-41f8-b84f-0a3d88835f2f","23.67","2.85","2.41","0.62","","1.56","","111.40","68.35","1.26","26.52","2026-01-07T15:52:44.949464","2026-01-07T15:52:44.949464"
"6001fe70-fbba-4c73-803b-f1db2dd4ca03","46f22268-bd5b-4e56-84b4-cef6e2f3ab95","24.60","2.91","2.64","0.60","","1.59","","106.60","66.64","1.05","30.27","2026-01-07T15:52:44.949464","2026-01-07T15:52:44.949464"
"36d98db7-60de-463d-bed2-590163c69fcc","e2eda469-43c5-445e-bcf3-c4aaa60b040f","20.46","0.70","3.84","0.42","","0.97","","0.00","9.96","0.10","17.75","2026-01-07T15:52:44.949464","2026-01-07T15:52:44.949464"
"3c48da08-a4b4-4c69-a4e1-ac7aa740bf6e","79e6d05c-e2c1-48e1-a41d-859312e5a50e","361.34","11.40","74.45","1.52","","2.66","","0.00","18.68","0.99","","2026-01-07T15:52:44.949464","2026-01-07T15:52:44.949464"
"fa22802f-18b8-49bd-8baf-e8cd060de6c8","f9d9e664-c360-48f1-82dd-163ab1da4ae6","352.13","14.48","70.72","2.54","","9.34","","0.00","30.04","3.77","","2026-01-07T15:52:44.949464","2026-01-07T15:52:44.949464"
"62d934ae-a5d2-4b51-800b-01a02e028172","635dfe5b-3b77-4718-9082-ff77c08e947e","360.81","11.73","73.82","1.60","","3.22","","0.00","17.16","1.55","","2026-01-07T15:52:44.949464","2026-01-07T15:52:44.949464"
"77b13a90-5734-4d4d-9f59-d3bd243f8a7d","412ce3fe-599b-4ca6-bfd6-b519ae8d8dd9","361.88","13.33","71.99","1.84","","3.68","","0.43","19.76","2.43","","2026-01-07T15:52:44.949464","2026-01-07T15:52:44.949464"
"95d25751-97c4-465e-9a5e-8ceeadaf9317","f413c36f-2088-4576-b201-f4932a2d9985","47.80","0.09","11.36","0.29","","","10.30","4.87","7.10","0.04","51.16","2026-01-07T15:52:44.949464","2026-01-07T15:52:44.949464"
"d52261cd-463e-4cd0-b5f5-14fb8c23db5f","fbdb2aec-be3f-432f-b647-1261800ca9f0","46.47","0.73","10.34","0.32","","","8.28","5.23","12.81","0.06","26.89","2026-01-07T15:52:44.949464","2026-01-07T15:52:44.949464"
"423e4856-b8e2-40b1-b031-cec8027bde53","657ddaa8-d575-487f-ae63-23b25f609ae6","65.31","0.26","15.62","0.29","","","14.04","4.02","9.74","0.04","45.61","2026-01-07T15:52:44.949464","2026-01-07T15:52:44.949464"
"57671598-a2c4-4e29-891d-27ead964021f","31772be1-b115-43d0-9830-ae4fc8fffb65","65.39","0.09","15.84","0.26","","","14.45","7.19","7.32","0.12","55.25","2026-01-07T15:52:44.949464","2026-01-07T15:52:44.949464"
"cc9906a0-91da-4b8f-8666-72f090263637","fd057bbf-7391-4a6b-b432-8571f0f2874a","31.70","0.00","7.26","0.34","","","3.41","6.34","6.64","0.13","0.00","2026-01-07T15:52:44.949464","2026-01-07T15:52:44.949464"
"47a8947f-2548-4e03-8271-492b6323d34e","9bda00ec-13cd-4ce7-9adc-f476d15fcc2c","40.46","0.57","9.10","0.27","","","7.12","1.03","8.88","0.02","24.14","2026-01-07T15:52:44.949464","2026-01-07T15:52:44.949464"
"63335723-8dce-4860-9884-3e8834d6b456","65a78d33-4a41-4429-8622-6e958b96f339","21.62","0.86","4.32","0.29","","","2.57","235.60","9.74","0.30","49.80","2026-01-07T15:52:44.949464","2026-01-07T15:52:44.949464"
"84557ddc-db53-48ef-8a47-28c6a7ae62fd","ccad2985-25ad-4c79-ac55-18f3060d5d87","45.73","0.81","10.01","0.36","","","8.08","0.08","9.29","0.07","30.54","2026-01-07T15:52:44.949464","2026-01-07T15:52:44.949464"
"aac33580-928c-4aa8-a355-e2fe0355ad13","c90f9de0-adbc-4c49-a3d7-c771a331305e","29.23","2.75","4.66","0.31","","1.88","","5.31","3.24","0.14","","2026-01-07T15:52:44.949464","2026-01-07T15:52:44.949464"
"a2a9d7d3-2ecd-47a0-b16b-b12f13ef34b6","6d43dd9f-c9cd-46b8-93ba-9c787d700740","42.43","2.41","8.50","0.31","","3.01","","0.77","0.00","0.34","","2026-01-07T15:52:44.949464","2026-01-07T15:52:44.949464"
"47f3783a-093e-4e7e-928f-26d483b7dcf9","367a1cb6-7af3-40b0-bf88-42e485f0cd10","40.58","2.42","8.14","0.24","","2.94","","0.42","1.43","1.28","","2026-01-07T15:52:44.949464","2026-01-07T15:52:44.949464"
"cac94424-8133-4e53-8b68-651cb6cdbe5b","84f26fb5-87f1-4f3d-884e-e46b49d5b368","26.96","3.09","4.01","0.20","","1.78","","4.57","4.10","0.31","","2026-01-07T15:52:44.949464","2026-01-07T15:52:44.949464"
"00e0f3d8-b2a6-49be-93d4-0b28433a1b1b","a484f669-6646-4a18-916a-ea8ac4151d6d","34.29","2.20","6.60","0.26","","3.07","","0.34","0.00","0.21","","2026-01-07T15:52:44.949464","2026-01-07T15:52:44.949464"
"3c10b75a-c576-454e-b1b8-343f0e995634","2b10911b-39ea-406b-843e-9c554f71ede7","36.40","2.18","6.76","0.45","","3.14","","0.89","0.43","0.74","","2026-01-07T15:52:44.949464","2026-01-07T15:52:44.949464"
"746f8a28-54e4-4cfa-a2c4-ad8b2186c074","be2e7b6b-8187-45c4-b0c8-7fc906b6579e","35.23","3.50","5.76","0.24","","2.75","","0.00","0.00","0.49","","2026-01-07T15:52:44.949464","2026-01-07T15:52:44.949464"
"144f32b6-56ad-4086-a74c-90fbab684452","58899939-f6ef-4e7e-8574-1eae4680a64d","40.70","2.78","3.00","1.96","","0.00","","39.44","154.80","0.37","","2026-01-07T15:52:44.949464","2026-01-07T15:52:44.949464"
"bda04de7-1e71-416e-8a90-780215c078ed","6c61acaa-c1ef-48ef-a0eb-a72016ac5978","19.33","0.66","0.67","1.56","","0.00","","59.22","157.50","0.12","","2026-01-07T15:52:44.949464","2026-01-07T15:52:44.949464"
"18cbb50e-56eb-4a57-ac60-3adae249339e","c7f6bdc1-b902-425a-901e-6d80273b2013","48.33","0.80","5.10","2.75","","0.00","2.32","41.98","148.50","0.26","","2026-01-07T15:52:44.949464","2026-01-07T15:52:44.949464"
"5545f6ca-2331-4acf-b2d8-2fb27bd64694","af0204e7-d297-4d91-a182-bb3891f9d68b","46.48","0.94","10.27","0.35","","3.10","","86.65","30.48","0.15","","2026-01-07T15:52:44.949464","2026-01-07T15:52:44.949464"
"f3ed8445-3284-4254-aa88-72db2f37ed9e","25a36971-1734-4242-b1c6-ba29bbc8a1f3","39.51","0.80","9.08","0.14","","2.69","","62.66","42.23","0.09","","2026-01-07T15:52:44.949464","2026-01-07T15:52:44.949464"
"344693a0-3b1e-46d6-916b-bf61e53c8a93","3fdc315f-bcff-4bd8-b946-96583c942561","21.31","0.72","4.78","0.11","","0.94","","0.00","7.50","0.19","99.51","2026-01-07T15:52:44.949464","2026-01-07T15:52:44.949464"
"0efb786d-0ee5-42c2-a099-807db2bdfb43","4a48112a-3277-40c5-9634-3ef954418561","28.68","0.82","6.60","0.12","","1.07","","0.00","6.69","0.36","138.80","2026-01-07T15:52:44.949464","2026-01-07T15:52:44.949464"
"fc4ba2e2-f47c-4054-b3d0-f7c61f5f7455","92e9b039-c131-488b-86c8-25f13747ac06","29.16","0.90","6.65","0.13","","1.16","","0.00","6.36","0.35","141.70","2026-01-07T15:52:44.949464","2026-01-07T15:52:44.949464"
"c92db48a-d3d9-4eb8-8519-6a32f0712f0b","8a8da642-5e37-4658-a7e4-34724ea75de8","29.56","0.88","6.70","0.16","","0.97","","0.00","4.90","0.37","158.30","2026-01-07T15:52:44.949464","2026-01-07T15:52:44.949464"
"f76ac653-0c27-4f8a-8651-f3bfffae208e","1b98ad5f-29fe-4520-95db-abd1e06ba393","42.88","3.46","4.81","1.08","0.55","","","92.49","120.10","0.01","","2026-01-07T15:52:44.949464","2026-01-07T15:52:44.949464"
"ea2e7e43-305c-45e0-9967-3b87703aadad","42f361d7-6f7b-4dc7-b30b-32c53f2ba54f","77.64","3.82","5.57","4.48","2.32","","4.09","41.78","126.80","0.00","","2026-01-07T15:52:44.949464","2026-01-07T15:52:44.949464"
"5f90ec5a-9f15-4dca-9768-d62dce593223","20dd8ce5-3d2e-42e5-9040-fbcfe2893662","94.09","8.78","4.75","4.39","2.39","","3.25","33.76","110.90","0.00","","2026-01-07T15:52:44.949464","2026-01-07T15:52:44.949464"
"1bd8c3e4-e673-4da8-a46b-f99edd5cdd4a","0be1ab58-c37d-4fac-9ba1-eabb882f5ecd","404.07","30.14","4.33","29.50","17.17","","0.64","1046.00","950.40","0.14","","2026-01-07T15:52:44.949464","2026-01-07T15:52:44.949464"
"b742ab40-96ca-4277-abda-c8221324c3a7","4bb242b6-4c1e-43af-b78e-9fba07e67b42","273.18","19.71","5.58","19.08","11.17","","1.63","1034.00","371.10","0.07","","2026-01-07T15:52:44.949464","2026-01-07T15:52:44.949464"
"8f9e0fc7-cddf-4037-b17f-ec5dd28df515","56ec85ee-69bc-4e55-9fda-9354a444ac33","599.83","26.24","16.25","50.23","","9.27","","0.89","232.30","3.22","","2026-01-07T15:52:44.949464","2026-01-07T15:52:44.949464"
"d1ae4245-f79a-4c99-967a-0aeff0fde141","ec712d3d-389f-446d-b6b3-ffe011f1681c","387.78","13.17","69.92","6.31","","10.50","","3.62","42.81","4.00","","2026-01-07T15:52:44.949464","2026-01-07T15:52:44.949464"
"dc99a2f2-852d-4438-b24b-e0e24708af57","2202b7fc-680d-460f-ba4a-1109a8b3f502","356.73","8.11","79.94","0.95","","5.40","","47.66","44.12","11.97","","2026-01-07T15:52:44.949464","2026-01-07T15:52:44.949464"
"3df28b3c-298d-4d59-9728-4399d7ff2a51","bb7c34ff-00a5-40a3-ac2c-543ec6866c02","610.52","23.99","22.70","49.43","8.42","6.32","","220.70","49.85","1.85","","2026-01-07T15:52:44.949464","2026-01-07T15:52:44.949464"
"5a74833c-07c4-4a9c-a660-f081a9551328","f013f8c4-7a58-44f6-9ee5-2769d517944d","672.76","19.71","14.18","62.40","8.97","8.37","","63.63","115.80","7.00","","2026-01-07T15:52:44.949464","2026-01-07T15:52:44.949464"
"4b57a586-8cb3-4589-81f9-97d7f472ffbd","f6240d36-f5e7-42f6-ae50-4032a815d417","623.98","20.79","21.24","53.04","4.25","9.72","","1.00","263.80","4.11","","2026-01-07T15:52:44.949464","2026-01-07T15:52:44.949464"
"fe979ebe-c606-4810-9a67-999f8f21e738","0030f85a-481f-4f69-9d9c-f1e18ba67ced","529.76","18.04","34.36","37.28","3.28","23.13","","36.74","229.90","5.78","","2026-01-07T15:52:44.949464","2026-01-07T15:52:44.949464"
"6565981b-68fb-4687-8047-a8ca98a66ffd","96f42964-7e83-4f16-a51f-51711401a39a","103.75","11.62","4.60","4.22","2.60","","","349.80","88.27","0.00","","2026-01-07T15:52:44.949464","2026-01-07T15:52:44.949464"
"c7eab422-4453-4e03-bd32-89c5f7f5fb8f","09901cf1-f7e7-41b3-967e-bc42c68d994b","339.76","5.79","4.56","33.49","19.73","","","367.80","97.11","0.00","","2026-01-07T15:52:44.949464","2026-01-07T15:52:44.949464"
"8b29448c-08f3-4c43-8165-26799ad4467d","b8275422-e7b3-462a-824f-34033391dc43","339.60","2.02","3.80","35.56","20.45","","","20.61","61.21","0.00","","2026-01-07T15:52:44.949464","2026-01-07T15:52:44.949464"
"c9f364c9-4c08-4e8b-b7b5-3bbb24363009","56af312b-7c50-4ffc-9332-d8300f562ac5","194.58","3.07","5.56","17.99","10.70","","","50.04","107.20","0.00","","2026-01-07T15:52:44.949464","2026-01-07T15:52:44.949464"
"3fae791f-5579-4f73-8aea-ed65a6c8f45c","2b9f78c3-4b92-4ec2-99df-646b0bcf8698","15.78","0.74","3.37","0.07","","","","16.11","14.24","0.03","","2026-01-07T15:52:44.949464","2026-01-07T15:52:44.949464"
"af0b0dbe-9c7c-4ca9-9e69-e2e3c97311ee","9eb311a5-8bce-45b6-8c49-9f83272dcaae","19.11","0.98","4.06","0.07","","","","23.00","27.56","0.27","","2026-01-07T15:52:44.949464","2026-01-07T15:52:44.949464"
"50ddf76a-20c1-429a-802a-cc4270ccd3f2","eac06fbf-e9e3-477a-8f49-41d46c00c573","16.11","0.88","3.26","0.11","","","","24.89","42.59","0.40","9.34","2026-01-07T15:52:44.949464","2026-01-07T15:52:44.949464"
"15fc70f6-75f9-4511-a69c-0577ee1eefcc","8fc3e8e7-bfe6-4086-bf48-1a301798fa2e","20.27","1.09","4.07","0.16","","","","28.88","39.84","0.32","15.15","2026-01-07T15:52:44.949464","2026-01-07T15:52:44.949464"
"c763cb5b-f2f0-4c2a-96c9-cb87dc344c9f","a22361a4-7e9b-4b02-8158-5260b29c1f65","665.80","15.70","18.59","61.27","","3.94","","0.00","8.74","5.36","","2026-01-07T15:52:44.949464","2026-01-07T15:52:44.949464"
"9cee1031-7d0e-4adb-9921-2bd8a0afe806","0bf95672-3ad1-4126-9b9f-721271e3eecc","604.67","21.45","20.03","51.09","3.78","10.78","","0.00","253.60","3.74","","2026-01-07T15:52:44.949464","2026-01-07T15:52:44.949464"
"8ccd07d4-1bd3-4bdb-91fc-dbb775132394","51d08b18-b2b3-4b20-af9b-ddda1322e21b","704.11","14.56","10.91","69.74","6.05","5.21","","0.00","88.26","2.24","","2026-01-07T15:52:44.949464","2026-01-07T15:52:44.949464"
"2e495f29-ff7f-4c0b-916d-7eea407b78f5","132d1e5c-4df9-45cc-8f63-6f42ed0d30a4","724.87","9.96","12.70","73.28","6.46","5.79","","0.00","54.83","2.37","","2026-01-07T15:52:44.949464","2026-01-07T15:52:44.949464"
"65d1c2f8-5571-4e17-bf31-02499e3d6589","1f427bc2-c910-4f7f-8873-e905b64d5721","380.25","13.50","68.66","5.89","","","","0.67","45.53","4.34","","2026-01-07T15:52:44.949464","2026-01-07T15:52:44.949464"
"aa7db83b-66da-47ba-b78a-651a56919c53","dc0d2c28-3cb9-45a0-a144-7df0e8cd5dc1","380.23","12.51","69.75","5.80","","","","0.31","51.34","3.80","","2026-01-07T15:52:44.949464","2026-01-07T15:52:44.949464"
"a6322596-9e1a-4f08-b1e2-217a2d0f90fc","ffad5f21-1d59-486f-ad66-9e363d37adde","57.08","0.46","14.09","0.21","","0.93","11.42","0.00","12.50","0.05","58.61","2026-01-07T15:52:44.949464","2026-01-07T15:52:44.949464"
"6058c7af-e6c3-4b48-9da1-2a5dac4bdc3f","f1fc2ea2-440a-4259-9156-ddf437c80708","66.92","1.04","16.16","0.19","","","13.87","0.00","12.26","0.11","10.39","2026-01-07T15:52:44.949464","2026-01-07T15:52:44.949464"
"5a4c2e50-20e4-4db5-aff1-7366c2b42ef2","d63c92c8-f2de-4ab5-97cb-c804426b1cc8","36.78","1.97","7.41","0.28","","3.01","2.33","0.00","40.05","0.65","","2026-01-07T15:52:44.949464","2026-01-07T15:52:44.949464"
"8ca74a09-168b-4a8e-a929-51547e83bab1","90b77935-0920-4e19-bc48-ceca5bae06b8","82.19","2.27","17.77","0.36","","","0.53","2.74","7.80","0.38","10.90","2026-01-07T15:52:44.949464","2026-01-07T15:52:44.949464"
"e1d08595-e6ad-4882-8f38-11c6322ac8c7","76019deb-5e5f-47dc-b897-8bb919b79b62","74.47","2.06","16.27","0.25","","","0.66","2.86","5.13","0.39","21.29","2026-01-07T15:52:44.949464","2026-01-07T15:52:44.949464"
"752954e1-080c-4e1a-a805-eead6ff91aa8","60cf8ea3-eabd-4fdf-a379-d20423650d76","72.52","1.81","15.96","0.26","","","0.65","2.24","5.94","0.37","23.30","2026-01-07T15:52:44.949464","2026-01-07T15:52:44.949464"
"c5a9cc1e-6be7-4f84-b38d-7ed49683480a","b5eb0424-9d95-4a65-86a8-5b67799e4ced","78.18","1.58","17.33","0.38","","","6.06","0.00","22.33","0.40","14.84","2026-01-07T15:52:44.949464","2026-01-07T15:52:44.949464"
"78cf9def-617f-4f6d-be6e-1868e3f18d91","7aedbcfb-c571-4697-a798-44fb1ff0c2fc","15.76","0.49","3.32","0.16","","","","97.21","46.28","0.00","","2026-01-07T15:52:44.949464","2026-01-07T15:52:44.949464"
"91a8b772-0fdc-47fa-a80b-6479590c19f3","38030470-4420-4dce-a60b-79c4ee17de14","14.92","0.62","2.95","0.18","","","","1.52","16.34","0.00","","2026-01-07T15:52:44.949464","2026-01-07T15:52:44.949464"
"03a59768-721f-457c-9ead-05c9c75ef101","120606fd-55bb-4d24-bc9e-29383924e81c","29.65","0.96","6.38","0.23","","","","16.10","41.84","0.07","40.34","2026-01-07T15:52:44.949464","2026-01-07T15:52:44.949464"
"42d172e7-6c85-4521-85eb-7734ef6edf6e","38adb18a-b81b-4ab2-b092-e2d6eb85b4e2","32.00","1.24","6.79","0.21","","","","11.72","30.99","0.00","53.88","2026-01-07T15:52:44.949464","2026-01-07T15:52:44.949464"
"662aff5a-e9e7-4b15-a418-5375b4ad9b61","e352c70e-6230-45ff-8ca0-8519bfe0ae7d","34.53","0.64","7.96","0.22","","","4.86","0.00","16.90","0.26","59.62","2026-01-07T15:52:44.949464","2026-01-07T15:52:44.949464"
"1c27873f-9154-4d9d-9a22-6cda0fac9c92","6259ec22-e5be-4d13-be3f-0a7c0b677842","54.37","1.01","12.90","0.19","","","2.68","0.00","16.41","0.45","23.04","2026-01-07T15:52:44.949464","2026-01-07T15:52:44.949464"
"a01031ce-723e-4413-bbcc-735f65629b73","9dbc6627-b3b6-4984-a347-051577bd450b","60.62","0.70","14.57","0.31","","","9.36","0.00","11.69","0.34","8.06","2026-01-07T15:52:44.949464","2026-01-07T15:52:44.949464"
"22afc5f0-df90-4d1d-a9f2-ce54ee55982b","3c15de66-cef9-4cdf-b333-d1ae9e33e261","81.54","0.91","20.20","0.16","","","17.34","7.00","10.17","0.16","3.31","2026-01-07T15:52:44.949464","2026-01-07T15:52:44.949464"
"a993e837-4c09-4505-aa77-4102184a615b","f4670419-5fcf-4ff4-9853-970a1ded6bf7","76.02","0.90","18.60","0.23","","","16.13","3.17","9.90","0.20","3.02","2026-01-07T15:52:44.949464","2026-01-07T15:52:44.949464"
"12719ca0-da1a-4cb5-9560-c5abb231bc59","325d500e-b1a7-4ffa-b501-e897a33039fe","49.01","0.27","12.26","0.16","","","9.66","0.50","3.82","0.04","43.69","2026-01-07T15:52:44.949464","2026-01-07T15:52:44.949464"
"fcebd899-e124-487b-ad19-ff04a5aa7674","b23167c8-8f1a-4778-8eac-baed8b95232b","381.02","13.21","68.78","6.24","","7.21","","0.00","135.20","7.56","","2026-01-07T15:52:44.949464","2026-01-07T15:52:44.949464"
"c3110f0c-ef84-481b-ad3f-3d8d51a2d106","12ecdfdd-8804-4f95-abf7-4d8f6b2429c3","381.80","11.92","69.52","6.60","","6.30","","6.32","37.56","4.53","","2026-01-07T15:52:44.949464","2026-01-07T15:52:44.949464"
"ff6633f2-68ae-4a45-b248-55dcf65ee721","7e49df6d-3ed6-439f-8f4d-fd3c99cf91fd","369.39","8.27","77.39","3.59","","6.02","","0.00","11.41","3.72","","2026-01-07T15:52:44.949464","2026-01-07T15:52:44.949464"
"9a1b1e82-5f4b-4bab-9b5a-0fe070a3be3d","220b89fc-a3a5-4c89-a59a-2476c7aabede","346.13","8.88","75.02","2.48","","10.35","","0.00","30.55","3.84","","2026-01-07T15:52:44.949464","2026-01-07T15:52:44.949464"
"fbe857ea-7c6f-4b7a-a584-2f56c2a62090","457b7f93-99d4-4ff6-81fb-077abad99728","355.18","8.40","77.16","1.91","","13.68","","0.00","32.24","2.54","","2026-01-07T15:52:44.949464","2026-01-07T15:52:44.949464"
"ab1c51ff-7c33-4271-83ae-32b4a92b8229","c78ae551-f08d-4e5f-9b70-7449428bfe2c","361.86","8.72","77.40","2.45","","12.79","","20.33","35.56","3.30","","2026-01-07T15:52:44.949464","2026-01-07T15:52:44.949464"
"1238a394-7f54-4930-b381-5db3164b42ab","ccdf99fb-b926-44df-a9d3-9e453c443276","357.96","0.92","87.31","0.49","","4.83","","13.08","74.55","3.99","","2026-01-07T15:52:44.949464","2026-01-07T15:52:44.949464"
"94c71c11-9ae0-4e1b-9bf8-badfeb815300","d6149b7c-7896-46aa-94d1-c813acd6d733","343.87","11.07","71.13","3.04","","4.05","","0.00","13.64","2.44","","2026-01-07T15:52:44.949464","2026-01-07T15:52:44.949464"
"27b13eec-3333-4d60-9f2f-2eb6b1934e20","61d02905-6b22-42b7-a51f-7a82a7843bfe","378.11","10.02","74.45","4.19","","2.62","","0.00","9.10","2.53","","2026-01-07T15:52:44.949464","2026-01-07T15:52:44.949464"
"41792b9e-fc8d-452f-848c-b4f80d4d07da","f4a6fe82-2531-4b8e-884b-0bc10dcb356c","366.94","7.25","76.69","3.31","","3.02","","0.00","8.06","1.24","","2026-01-07T15:52:44.949464","2026-01-07T15:52:44.949464"
"de96a106-261f-40b9-803c-96cb6a225f68","cb031530-c34b-40ae-931d-f3ba2e3bcee1","364.17","7.04","80.31","1.03","","0.15","","0.46","4.46","0.14","","2026-01-07T15:52:44.949464","2026-01-07T15:52:44.949464"
"57da8f58-fbee-436d-a5b5-f422629fa862","3f84b34b-6422-4458-86fa-741f2e72a97f","187.50","18.16","0.00","12.85","5.05","","","61.64","7.14","2.13","","2026-01-07T15:52:44.949464","2026-01-07T15:52:44.949464"
"ef117c38-ca5e-491c-8fe3-a7a43be2a685","5a4af5e1-814a-41b1-aad9-516385ffcbbb","245.21","17.53","0.00","19.44","6.84","","","54.94","6.89","1.96","","2026-01-07T15:52:44.949464","2026-01-07T15:52:44.949464"
"b74a5044-b770-4300-a4c0-1737b5715da2","c6ed8f37-1fc1-418c-8ce3-242d87b60122","230.86","17.81","0.00","17.49","6.28","","","53.63","5.86","0.79","","2026-01-07T15:52:44.949464","2026-01-07T15:52:44.949464"
"53dbfb87-d70e-4ba4-b830-ddaa423a9ee2","720a1dcb-8623-4a3e-8172-ebf036ca66b4","135.59","17.91","0.00","7.16","1.56","","","62.95","5.82","0.59","","2026-01-07T15:52:44.949464","2026-01-07T15:52:44.949464"
"86f8f3d0-6151-4102-9324-1a2acc86731f","d82cb1ae-e9ba-4797-8d86-984fea1394cc","155.10","17.34","0.00","9.59","2.26","","","80.18","23.63","1.09","","2026-01-07T15:52:44.949464","2026-01-07T15:52:44.949464"
"4e89cb6e-33b6-4bc1-befd-e1d32ceab162","ebce9aa0-f126-4362-bbab-600063ac67d9","642.27","15.04","21.64","57.43","","5.98","","0.00","167.80","2.47","","2026-01-07T15:52:44.949464","2026-01-07T15:52:44.949464"
"2e92af6c-bb47-4f11-9b4c-696bce12f670","cd7dac26-320c-4db5-bbc3-be1bee2688a4","549.07","17.44","36.29","38.86","","4.10","","4.76","41.95","5.99","","2026-01-07T15:52:44.949464","2026-01-07T15:52:44.949464"
"8e376eb6-814d-4069-b8dc-e09c99713438","0129074f-7436-4996-9141-e704c304a193","621.89","13.49","26.50","53.49","","8.41","","0.00","134.70","3.46","","2026-01-07T15:52:44.949464","2026-01-07T15:52:44.949464"
"cc3257e8-6559-4c18-ae70-6c8bb0db9d42","a2147032-c02b-4711-a789-bcefe3567e6d","569.48","23.20","26.50","43.28","","8.01","","1.49","49.13","1.55","","2026-01-07T15:52:44.949464","2026-01-07T15:52:44.949464"
"43cefeaf-ca7e-4f80-b2e1-647d81453092","04ef39d5-625e-4587-8156-3e6531316d55","384.63","5.29","80.45","4.64","0.69","8.71","","0.00","55.81","1.62","4.05","2026-01-07T15:52:44.949464","2026-01-07T15:52:44.949464"
"d4abded3-6ee3-4052-8f6e-7b2f8749a1cb","fe17b9d4-650e-4a73-8e98-fc0d40601e61","690.22","7.79","24.09","64.93","","7.56","","0.00","52.71","1.88","","2026-01-07T15:52:44.949464","2026-01-07T15:52:44.949464"
"45c7ce89-dd4d-429d-b232-46271e0dbe71","38fc0ce4-44d5-40ff-bb2d-ab77c6425dc6","579.33","20.51","27.69","45.02","","6.97","","0.00","117.40","3.46","","2026-01-07T15:52:44.949464","2026-01-07T15:52:44.949464"
"3864b6ff-37f9-4b0f-a8a3-066e898f2a9d","08a79b37-6597-446e-a0a1-40d4a3559204","534.72","29.91","18.68","40.03","","5.08","","0.00","37.38","8.36","","2026-01-07T15:52:44.949464","2026-01-07T15:52:44.949464"
"e06d9dee-6a85-438f-9ed6-97a0a6f9cb94","5e559438-10a4-4734-9663-d0304a5207aa","590.05","18.87","24.50","48.44","","7.22","","0.00","115.60","4.37","","2026-01-07T15:52:44.949464","2026-01-07T15:52:44.949464"
"1e8d6225-2243-4cf9-b067-6a3d9157ae90","4a00dd34-fb16-4460-ab03-5a97001f5b70","430.66","16.14","58.90","15.28","14.00","34.24","","46.94","35.98","8.02","","2026-01-07T15:52:44.949464","2026-01-07T15:52:44.949464"
"6522abbf-192c-4e4b-8402-e78f6ab5c908","100bb254-c20a-4600-9bd3-355070538d81","340.91","21.56","59.80","2.20","","","","0.00","142.90","6.67","","2026-01-07T15:52:44.949464","2026-01-07T15:52:44.949464"
"9b41fed7-4f12-47bd-a4da-5944298ac190","fdef5f1b-c470-4f40-a143-58c580763010","377.50","21.28","60.36","6.27","","","","8.78","111.10","5.09","","2026-01-07T15:52:44.949464","2026-01-07T15:52:44.949464"
"9870f0c3-1126-439e-96ab-f5c23df9c57c","80070b62-a0c7-4257-a684-93c69c111cc0","355.61","23.57","62.17","1.92","","","","0.00","61.85","7.16","","2026-01-07T15:52:44.949464","2026-01-07T15:52:44.949464"
"84cdf1a1-6d46-4183-9a1d-d286b7bb5875","c1e0ac84-a52f-48dc-955f-49e1e838e450","349.79","21.22","61.84","2.42","","","","3.46","71.40","5.93","","2026-01-07T15:52:44.949464","2026-01-07T15:52:44.949464"
"4895937a-c991-4bc7-89e6-a06f94cac967","c0283981-245e-489d-b40c-3b67b67b85cf","116.82","6.91","19.81","1.27","","","","217.90","43.31","1.69","","2026-01-07T15:52:44.949464","2026-01-07T15:52:44.949464"
"bdcd998b-7642-4b9b-ad9e-8082e0975e9f","555f7413-cea4-4f5e-864a-47b85300a68e","117.31","6.57","19.98","1.40","","","","190.10","63.91","1.60","","2026-01-07T15:52:44.949464","2026-01-07T15:52:44.949464"
"26969369-a0eb-4d82-9697-9668e4b7f2b7","69f7dd64-5289-4d7a-a954-e9780d541d44","113.77","7.41","18.82","1.17","","","","164.00","69.19","1.40","","2026-01-07T15:52:44.949464","2026-01-07T15:52:44.949464"
"742c19c8-43a9-49e4-898d-dcd8a15d221d","827b4122-7588-4ee6-b1ce-757af057bc1b","135.10","7.02","20.32","3.10","","","","201.70","40.48","1.04","","2026-01-07T15:52:44.949464","2026-01-07T15:52:44.949464"
"9c3ce312-c7c7-4b14-88fa-f80915c73b5a","4d2d1883-5116-4855-af2a-573efe71dee0","124.90","7.80","21.03","1.26","","","","172.30","56.94","1.44","","2026-01-07T15:52:44.949464","2026-01-07T15:52:44.949464"
"73e499e7-71c5-47e6-a771-71e832566366","5e5e29b0-eaab-450d-90f1-014bc9db0f73","125.11","7.31","21.45","1.30","","","","158.50","60.25","1.30","","2026-01-07T15:52:44.949464","2026-01-07T15:52:44.949464"
"09e08e5c-5c1a-428f-9e71-7e600dcf7166","bfbec04e-e58e-429f-9c34-1aa5df045c4e","78.97","4.73","12.71","1.15","","","","207.40","28.21","1.14","","2026-01-07T15:52:44.949464","2026-01-07T15:52:44.949464"
"f6772c76-0408-41d9-b4b1-3fed328dc5c0","66ee1cd3-0bb7-43fd-9a9e-99e0e696ac77","115.08","6.69","19.60","1.27","","","","201.60","55.23","1.28","","2026-01-07T15:52:44.949464","2026-01-07T15:52:44.949464"
"6f8c9b83-a9e9-4127-8c33-59f29f8758ba","32b241d0-f028-478d-b986-e52764864e0f","114.46","6.92","19.17","1.30","","","","226.70","27.78","1.08","","2026-01-07T15:52:44.949464","2026-01-07T15:52:44.949464"
"ad0f7a1c-0dea-417c-bbc8-6df9a584411c","06ba4491-43af-4031-8a22-0e2172bd6d08","115.25","7.03","19.33","1.27","","","","223.10","67.16","1.38","","2026-01-07T15:52:44.949464","2026-01-07T15:52:44.949464"
"4388e823-e301-4ecf-96b8-4e86d7c57c2f","9918c0f9-60c2-49ed-917b-592164b44683","170.75","21.12","0.00","9.47","3.28","","","40.20","4.11","0.45","","2026-01-07T15:52:44.949464","2026-01-07T15:52:44.949464"
"60e71ac9-f9a0-49a7-b9b0-0874a05861b7","f3aac542-e2b6-418f-ada2-46971e696125","122.03","21.58","0.00","3.90","0.87","","","41.39","4.53","0.93","","2026-01-07T15:52:44.949464","2026-01-07T15:52:44.949464"
"d07bc209-900b-4f56-93c1-e8540c5acb36","20a3d898-da77-4cf5-b646-91c8b3f08256","109.12","22.52","0.00","1.93","0.35","","","65.75","3.94","0.35","","2026-01-07T15:52:44.949464","2026-01-07T15:52:44.949464"
"fac2cbc5-29c8-4bdf-bffc-b475af57ab0b","404efa1c-6738-4051-9c4c-5acf5c4ac1fd","146.69","18.61","0.00","7.92","1.66","","","62.33","5.65","0.60","","2026-01-07T15:52:44.949464","2026-01-07T15:52:44.949464"
"8b1aa973-b618-444e-8562-637b94de0e89","c8a6ed26-667c-494f-ad5b-1947014ee68f","256.86","18.74","0.00","20.04","7.97","","","42.54","4.17","1.64","","2026-01-07T15:52:44.949464","2026-01-07T15:52:44.949464"
"dc55454a-b6b8-4827-84b4-ef247ad07325","19930dbe-8fa3-4ee5-88ad-2bf5820beccc","143.54","21.48","0.85","5.70","1.70","","","45.54","4.07","1.90","","2026-01-07T15:52:44.949464","2026-01-07T15:52:44.949464"
"f63b8f2c-f9a2-4390-8793-8f2d75fea79e","b249c94e-0cd7-4908-91f4-65236e5090d4","234.40","18.40","0.00","17.80","6.34","","","48.44","4.58","2.06","","2026-01-07T15:52:44.949464","2026-01-07T15:52:44.949464"
"19eb4b7d-60bb-4184-bcc6-e74f3f092926","cab448e7-09a8-4059-823f-efee221c74a2","166.73","20.13","0.00","9.40","3.55","","","51.30","3.84","1.83","","2026-01-07T15:52:44.949464","2026-01-07T15:52:44.949464"
"52c9e633-8f17-42e6-a770-e5e0dc4f7642","9dcaeed8-292e-4a36-b127-223a34e850c8","50.04","4.23","8.08","0.09","","","","51.48","167.40","0.00","","2026-01-07T15:52:44.949464","2026-01-07T15:52:44.949464"
"be76aae6-4c18-4e0a-b8ae-c5dd0a9ccc38","b73b2b71-a688-4a68-a9c7-c425ad47bf99","391.23","22.62","1.90","32.63","19.16","","","662.20","714.60","0.00","","2026-01-07T15:52:44.949464","2026-01-07T15:52:44.949464"
"0a6800f3-d56e-482b-b988-7dfaf4b94eb4","2412c21e-1d9b-4f67-85aa-f87f88e52d6d","308.83","15.57","8.19","23.86","13.70","","","1420.00","1498.00","1.30","","2026-01-07T15:52:44.949464","2026-01-07T15:52:44.949464"
"4769e28e-8d12-4429-83a6-4dac7d9f8583","3bb2a28f-97fb-4c53-b821-b7ec264a517b","356.85","23.45","2.45","28.13","16.24","","","600.90","748.80","0.00","","2026-01-07T15:52:44.949464","2026-01-07T15:52:44.949464"
"7d878e32-1a4d-4392-817d-e953f5e740b2","a07d8928-94a7-4082-b068-778f27a2eee0","297.60","22.14","2.40","22.10","12.71","","","734.20","532.30","0.00","","2026-01-07T15:52:44.949464","2026-01-07T15:52:44.949464"
"ce898eb3-78d2-43fb-a784-a2390a4c358a","ba369141-1c7f-4ac3-b9a1-f3310f750ba0","297.51","18.88","2.96","23.36","13.95","","","626.50","601.80","0.00","","2026-01-07T15:52:44.949464","2026-01-07T15:52:44.949464"
"21181180-0f4d-40b2-8279-ee306b0a9d9e","1f8e6a08-12cd-4b09-a4d2-f3630e48f46e","351.58","23.84","2.72","27.24","15.89","","","1625.00","699.60","0.00","","2026-01-07T15:52:44.949464","2026-01-07T15:52:44.949464"
"f15db770-f6e0-4ca5-8a90-baccb32da452","98f75cda-4668-40ac-97cb-1beaf7f35552","133.10","22.30","0.00","4.94","0.72","","","53.30","14.84","0.40","","2026-01-07T15:52:44.949464","2026-01-07T15:52:44.949464"
"009321d0-880b-4899-8ad8-2ff51ea0d64c","77828ea6-a141-454b-90bf-f346418d1b79","200.20","20.32","0.00","13.11","2.28","","","49.49","9.42","0.26","","2026-01-07T15:52:44.949464","2026-01-07T15:52:44.949464"
"0535b99e-2d4f-4684-8309-0db1e64a3d16","0e4177b1-58d5-4b5b-85a3-4d4f300bff16","97.31","19.00","0.00","2.48","0.65","","","93.66","8.63","0.00","","2026-01-07T15:52:44.949464","2026-01-07T15:52:44.949464"
"d927cc48-5f87-4563-8e24-b2fbac2a0664","e3d08c62-1a6f-44ee-9197-4c03abe4f4df","73.56","15.57","0.48","0.80","","","","474.90","64.63","0.52","","2026-01-07T15:52:44.949464","2026-01-07T15:52:44.949464"
"f0fd353f-5f61-4e72-8e8d-ab87603aaeac","d75d07fc-3067-448e-9a85-309bdf2f4af2","68.23","16.07","0.00","0.67","0.04","","","298.80","6.59","0.06","","2026-01-07T15:52:44.949464","2026-01-07T15:52:44.949464"
"028081a8-2af1-456a-886f-a376f7c841e1","1bcab28b-c0cb-4287-9eec-f5c15abe7f47","131.45","16.47","0.00","7.31","1.60","","","60.51","7.80","0.00","","2026-01-07T15:52:44.949464","2026-01-07T15:52:44.949464"
"6d176aec-aac8-46ac-805b-7bf852163fff","4931cb14-54ef-40d4-953a-c51d4568a388","83.51","18.65","0.00","0.81","","","","331.30","110.90","0.63","","2026-01-07T15:52:44.949464","2026-01-07T15:52:44.949464"
"018f6a17-5798-4ca5-97d0-89a5d75a16f3","10f5257e-40bd-4930-90c4-56a2383f223d","17.50","0.98","3.27","0.20","","0.75","","0.00","20.85","0.19","15.00","2026-01-07T15:52:44.949464","2026-01-07T15:52:44.949464"
"76d90168-742a-4411-8874-83be2369e4f7","f99173ef-5419-4041-b207-8e46c8ed7fe3","20.50","0.89","4.39","0.14","","0.96","","0.00","22.69","0.14","17.00","2026-01-07T15:52:44.949464","2026-01-07T15:52:44.949464"
"3f8e422b-a823-4183-8669-6e7f740def3e","ea22cccd-7ad1-4b2d-a22a-059b87879a04","44.92","1.15","10.51","0.17","","1.96","","0.00","21.74","0.21","7.60","2026-01-07T15:52:44.949464","2026-01-07T15:52:44.949464"
"0cf2d8d1-8bee-4d4e-9b1e-407d0bc8dc98","8315d0ce-d413-49c8-bcf2-34bc562e9123","45.28","1.25","10.48","0.18","","2.64","","0.00","24.82","0.31","7.00","2026-01-07T15:52:44.949464","2026-01-07T15:52:44.949464"
"26bf0d5d-3d08-4074-9562-5acc577c7236","0f39c979-484f-4fce-a79e-00df6bc8d0bd","18.63","1.02","3.51","0.23","","1.26","","14.27","61.93","0.44","30.30","2026-01-07T15:52:44.949464","2026-01-07T15:52:44.949464"
"24d2f9de-5d8a-42b0-9846-d3dfe32f3144","b4c2ccfe-180e-4f4e-8dac-4d71c52425be","25.22","1.64","4.72","0.24","","1.95","","20.00","20.35","0.33","67.10","2026-01-07T15:52:44.949464","2026-01-07T15:52:44.949464"
"2a8841e2-b8dc-4012-a9f9-0442df06ee99","cbada5bf-2454-4214-b35d-d01d9a81c14a","42.83","2.97","7.02","0.77","","3.82","","18.41","276.40","0.75","89.40","2026-01-07T15:52:44.949464","2026-01-07T15:52:44.949464"
"2104d36f-646e-45c8-b0eb-78bd805f1bd6","fe07e960-ed1d-46e4-b49c-56d218c043d5","54.13","3.98","9.62","0.56","","4.78","","25.74","38.64","0.73","142.90","2026-01-07T15:52:44.949464","2026-01-07T15:52:44.949464"
"c5189063-4d65-40a0-ace2-29755fa09548","ac4673a2-b1ca-4b61-b129-516e98f4bbe4","42.79","1.69","8.79","0.30","","3.12","5.10","111.60","13.82","0.43","4.60","2026-01-07T15:52:44.949464","2026-01-07T15:52:44.949464"
"c6b9b161-e8f2-48ef-89e5-356bf245773e","b2dc3b53-af76-44f3-b97b-d87d87d0d7d5","24.22","0.85","5.40","0.12","","2.45","2.35","0.44","11.06","0.00","0.80","2026-01-07T15:52:44.949464","2026-01-07T15:52:44.949464"
"20138991-e2c8-47cf-9e4e-65b00920dc11","4529cac8-b4b9-470d-baf2-5c2b4f84d443","20.81","0.87","4.29","0.21","","0.87","2.61","111.50","19.83","0.93","7.70","2026-01-07T15:52:44.949464","2026-01-07T15:52:44.949464"
"38c400dd-9402-45d6-85f6-ee02232c0211","44a5aed1-afbd-4488-9493-a549ffd25f96","31.64","1.35","6.33","0.38","","1.64","3.52","416.90","17.10","1.11","9.20","2026-01-07T15:52:44.949464","2026-01-07T15:52:44.949464"
"a6fcfb60-41b3-410f-836d-18f4ade7481c","2f112349-96ab-4dbe-be10-fbc3d7f4f6bd","96.41","4.23","20.19","0.73","","4.70","11.69","61.15","36.85","3.18","18.40","2026-01-07T15:52:44.949464","2026-01-07T15:52:44.949464"
"f2c67968-2832-4675-8daa-05ce3e5806fe","17cfee10-c0c9-470e-b673-b11087385b93","35.09","1.44","7.14","0.40","","1.94","3.74","139.80","19.20","2.27","9.10","2026-01-07T15:52:44.949464","2026-01-07T15:52:44.949464"
"2fdb4e68-b564-4309-baa7-93f0dbc69bbf","7809c921-1f13-4be3-8076-3c1d0ff32038","37.80","1.58","8.04","0.26","","1.97","4.31","29.36","17.64","1.24","10.40","2026-01-07T15:52:44.949464","2026-01-07T15:52:44.949464"
"2ddf4690-d02a-4693-b6c8-094df2b998f6","a123ffc3-87c8-4726-8381-c56726b067cd","45.96","0.96","10.24","0.40","","1.51","6.25","0.00","11.59","0.16","3.07","2026-01-07T15:52:44.949464","2026-01-07T15:52:44.949464"
"5eeae5c4-6285-40f1-8359-01820f0e7b87","f5250269-e47c-4892-9105-f40e053e460c","34.80","0.53","8.15","0.22","","","7.03","21.15","6.58","0.00","15.73","2026-01-07T15:52:44.949464","2026-01-07T15:52:44.949464"
"d640d776-f0a6-465f-8d16-27947bb4ba48","33bee56e-35b0-48bb-bdd2-2f14ab946539","129.63","1.16","30.95","0.89","","2.12","14.24","0.00","3.82","0.32","20.08","2026-01-07T15:52:44.949464","2026-01-07T15:52:44.949464"
"4c4bdc14-3fcc-46c1-be36-f9521567aba9","678f90ff-6537-4374-a065-b3a6544ca4d7","144.97","1.23","33.59","0.68","","2.53","2.41","0.00","4.83","0.33","18.53","2026-01-07T15:52:44.949464","2026-01-07T15:52:44.949464"
"6ff4c7c8-a212-4bf8-a41b-1feca546db8e","57a6d0a5-f27d-4ebd-9900-a5782a7ddbc6","503.62","17.01","38.27","32.89","","","","0.00","595.40","6.04","","2026-01-07T15:52:44.949464","2026-01-07T15:52:44.949464"
"65782c66-24a3-4235-adb5-216b4dbd4822","04338f67-cdca-47b4-9af6-670faf1dff93","360.82","11.76","75.88","2.42","","11.72","","2.18","34.11","2.62","","2026-01-07T15:52:44.949464","2026-01-07T15:52:44.949464"
"674b95f4-613e-4a08-be2a-46b914e1c7e6","b808f237-0459-410e-85c3-a027b2dc73d5","363.86","12.79","75.67","1.70","","4.26","","1.01","7.97","1.53","","2026-01-07T15:52:44.949464","2026-01-07T15:52:44.949464"
"522d8198-9527-486e-b461-683c6b6df932","68de7c71-458c-4446-bd6f-3f5ad5c274a0","28.45","1.65","5.37","0.32","","2.28","","86.93","203.70","1.39","101.40","2026-01-07T15:52:44.949464","2026-01-07T15:52:44.949464"
"7c97e4d2-d450-46b0-bd4a-975870a9f6ed","b19c63b1-a722-4171-84a0-9d19a036a1c0","25.82","1.44","5.10","0.22","","1.88","","2.46","20.58","0.44","9.15","2026-01-07T15:52:44.949464","2026-01-07T15:52:44.949464"
"8ba50f85-dac5-4deb-9ee0-fee7a9254292","b9dd7432-e9d2-4a04-8651-ef58b70705a5","214.69","1.81","8.32","20.31","","","","0.00","14.46","0.61","0.00","2026-01-07T15:52:44.949464","2026-01-07T15:52:44.949464"
"96231ce6-85dc-47e2-a594-59cf066eb885","878f5115-4dd1-40fb-b887-7f91a08bf00f","365.25","7.57","77.19","3.44","","4.18","","0.00","14.40","1.12","","2026-01-07T15:52:44.949464","2026-01-07T15:52:44.949464"
"d0b7046a-b930-4797-b5c1-5d7ac1fd2762","493ec2af-dd20-4632-bf58-7e6bd9a79c86","78.70","2.79","14.69","1.63","","2.43","7.37","0.00","0.66","0.39","","2026-01-07T15:52:44.949464","2026-01-07T15:52:44.949464"
"ad3a1841-0ac3-4d02-9a9e-88c2c848c044","5f107a10-ad66-43f8-8126-9977066c7271","357.53","15.12","68.65","3.81","","8.91","","0.00","41.41","3.69","","2026-01-07T15:52:44.949464","2026-01-07T15:52:44.949464"
"f51518ed-3f25-45c4-aa47-ea01bfeedffb","3164f2fc-f853-4305-8f5e-d0aa0bc23949","355.51","12.64","72.13","3.10","","7.31","","0.84","25.94","3.20","","2026-01-07T15:52:44.949464","2026-01-07T15:52:44.949464"
"747040c1-d4a8-46f6-88f5-90d9e2d2a589","67a7131d-744a-448a-a2a2-042bf18e3470","373.01","7.17","81.31","1.69","","2.20","","2.97","11.65","2.66","","2026-01-07T15:52:44.949464","2026-01-07T15:52:44.949464"
"21d0eb11-1af1-49ce-b3c3-ba6e003b06c8","1b7fb519-1529-4f7c-9bc5-153d572d8e3e","359.60","14.76","71.79","2.80","","10.52","","3.94","24.08","3.87","","2026-01-07T15:52:44.949464","2026-01-07T15:52:44.949464"
"9001f4ad-ccdc-48d2-9682-b7f353908b15","d04db6fd-b015-492b-af34-4c4224e21961","61.78","1.01","13.82","0.64","","2.13","8.56","2.28","24.38","0.04","58.78","2026-01-07T15:52:44.949464","2026-01-07T15:52:44.949464"
"ed3af3f4-bae2-4926-b0ea-b5982fdf9053","1b188990-d92a-4dad-980e-1d1cb0611d7a","58.80","1.04","13.42","0.46","","1.33","9.12","0.00","43.96","0.00","21.20","2026-01-07T15:52:44.949464","2026-01-07T15:52:44.949464"
"ba4831cd-853f-495f-bbfa-c58bb72f2838","2931adce-0696-4d47-bb11-dc42f3b24741","65.05","0.56","15.26","0.57","","1.75","10.70","0.00","12.40","0.00","25.50","2026-01-07T15:52:44.949464","2026-01-07T15:52:44.949464"
"3fa01e0a-7b08-47f8-9853-913fb77f903b","d47625f3-a011-4570-a7d2-a70fd8eaa3d7","74.55","0.69","17.40","0.68","","1.29","11.10","0.00","10.02","0.00","168.10","2026-01-07T15:52:44.949464","2026-01-07T15:52:44.949464"
"b7f8118a-7393-4dc6-989a-49843980dc6c","4af7f98a-6b11-4ae3-a25c-90f8449404bd","371.05","7.56","76.69","4.34","","7.04","","2.73","111.60","1.70","","2026-01-07T15:52:44.949464","2026-01-07T15:52:44.949464"
"0d33e0c7-e819-4ec6-ba4d-68aedc7b92e4","d3b0da0e-dc94-4c3f-b8a6-0c730c32be39","60.49","0.31","14.77","0.37","","2.64","7.80","0.40","9.99","0.00","5.51","2026-01-07T15:52:44.949464","2026-01-07T15:52:44.949464"
"5724c5d8-a15b-4265-8a01-8dc5af2aadb4","a38feffc-ffdd-4a87-8252-3d1621d3cb29","55.71","0.58","13.46","0.28","","1.35","7.96","0.00","4.03","0.00","1.82","2026-01-07T15:52:44.949464","2026-01-07T15:52:44.949464"
"b6a2e758-5797-4b9c-beee-45df0eccb39d","88967776-263f-4fc9-8f58-ea075ade6300","364.91","8.56","76.15","3.44","","4.20","","0.44","9.22","1.20","","2026-01-07T15:52:44.949464","2026-01-07T15:52:44.949464"
"c5eda1b3-c20d-483c-a48a-89ebdebcc4fa","e23b45ac-618a-46de-a132-c115f22e7a51","383.65","11.17","68.70","9.26","","34.95","","2.92","61.66","14.21","","2026-01-07T15:52:44.949464","2026-01-07T15:52:44.949464"
"463e3755-f3ca-4e15-9593-1546ffcda849","f9fd8b54-2f05-47d5-885c-707f20bac979","356.79","10.21","73.51","3.24","","3.30","","0.00","7.89","2.22","","2026-01-07T15:52:44.949464","2026-01-07T15:52:44.949464"
"79df2444-055f-4ccf-8c93-83957b645e30","15aba4e3-4901-4558-bfef-135d78224ae0","354.13","10.25","74.87","3.26","","3.92","","0.00","7.45","2.04","","2026-01-07T15:52:44.949464","2026-01-07T15:52:44.949464"
"fa9bcff4-bcbd-4ef6-81c4-48eabde9c5f1","92a06034-fdab-4c32-b2a5-95a04b11ba35","356.79","10.08","73.57","4.22","","8.27","","0.33","14.93","3.90","","2026-01-07T15:52:44.949464","2026-01-07T15:52:44.949464"
"bd4c0fc7-8cad-4ae6-b7f5-486307a239ca","7d49cdeb-80d4-48e6-8b13-1aa1b5b5d590","123.82","1.17","29.19","0.99","","1.79","19.17","0.00","3.90","0.31","19.08","2026-01-07T15:52:44.949464","2026-01-07T15:52:44.949464"
"ea22a2ed-7b97-4617-8078-24767f5224fb","fe13a317-9fcf-469a-b10b-faf0ddb4b914","127.55","18.36","-0.48","5.94","","","","90.98","8.28","0.67","","2026-01-07T15:52:44.949464","2026-01-07T15:52:44.949464"
"d3f2b0c7-a1d7-4cae-ab05-bc26256ec70d","629c95e5-b4b3-4f48-9daf-dca9d69c3598","190.34","17.11","-0.17","13.35","","","","63.55","5.73","0.59","","2026-01-07T15:52:44.949464","2026-01-07T15:52:44.949464"
"89dafe04-8592-4682-9ad7-f84e8e06461f","9fb9a91c-54aa-4fcd-868e-0dadbe1b96fb","170.17","18.41","-0.46","10.64","","","","84.14","13.55","0.51","","2026-01-07T15:52:44.949464","2026-01-07T15:52:44.949464"
"d4075afb-49c4-4d9c-8dca-31bed1a98921","8fca6f8c-800a-4a44-92db-6aac7df2dc9a","129.87","21.41","-0.43","4.78","","","","48.07","6.90","0.35","","2026-01-07T15:52:44.949464","2026-01-07T15:52:44.949464"
"3f84055c-fd3a-40dd-bb2b-f50bda3aaa42","ff7c21c0-af38-4c5c-a36a-eed9d9450f0f","239.17","17.46","-0.25","18.64","","","","53.45","6.58","1.64","","2026-01-07T15:52:44.949464","2026-01-07T15:52:44.949464"
"1b56a3ab-d45f-4882-85dc-e85ad6b62e9d","329507d3-2d7e-44bb-9dcc-6781120cb94b","161.63","19.88","-0.15","8.88","","","","55.70","6.83","2.17","","2026-01-07T15:52:44.949464","2026-01-07T15:52:44.949464"
"59896e68-0204-4b4e-82fc-753b6e8e8269","be9221cb-9a5e-4636-a983-e05fb5b94b02","193.02","21.32","0.22","11.54","","","","43.09","5.04","1.61","","2026-01-07T15:52:44.949464","2026-01-07T15:52:44.949464"
"a2d9498c-dcf9-4bc3-9044-90777d31722c","5ceb4d1b-34fe-44ec-a55f-c9768ec5ebee","146.10","21.09","0.18","6.46","","","","44.85","4.09","2.53","","2026-01-07T15:52:44.949464","2026-01-07T15:52:44.949464"
"d4a743c0-9625-4122-951c-f2cec2cd11d0","c7fbbe55-5455-4008-95ec-234f7fbc6c16","143.15","21.98","0.22","5.71","","","","42.85","3.70","2.22","","2026-01-07T15:52:44.949464","2026-01-07T15:52:44.949464"
"94199ee9-5e71-4d40-b3fe-dcf489495a7b","9cfbef49-9cc5-4048-9ea4-4607aeeb2ebc","141.45","22.81","-0.56","5.48","","","","39.30","4.12","0.42","","2026-01-07T15:52:44.949464","2026-01-07T15:52:44.949464"
"5f9c9d94-7280-4c71-be35-089677b5971d","1c18ace0-7f47-4d88-9a30-843ac0c6f509","382.91","15.20","-0.70","35.83","","","","49.70","4.20","0.38","","2026-01-07T15:52:44.949464","2026-01-07T15:52:44.949464"
"4cb95dc7-bdb9-46ef-b4af-5ab8d2bb211b","16bcb57d-d234-4bfe-b8c0-b3c26a5c80df","206.06","26.94","2.41","9.85","","","","5403.00","239.80","2.69","","2026-01-07T15:52:44.949464","2026-01-07T15:52:44.949464"
"1f1a8975-5ebb-4072-a9b8-b9f8bc5e4d5c","b0974a1d-11fe-444e-912f-20e56a80123e","26.37","1.61","4.66","0.14","","2.58","0.89","280.50","72.80","3.16","8.58","2026-01-07T15:52:44.949464","2026-01-07T15:52:44.949464"
"41312b3d-c611-4813-9531-894035c59f16","60cc0f34-809e-410f-98d9-619950821a2c","60.84","14.20","0.52","0.22","","","","353.90","9.01","0.00","","2026-01-07T15:52:44.949464","2026-01-07T15:52:44.949464"
"65c35fb3-5d35-49db-8899-3001e99d9170","d190152a-abd5-4f69-903e-7183d879186b","26.89","0.92","5.49","0.14","","2.05","3.20","49.03","41.30","0.00","14.70","2026-01-07T15:52:44.949464","2026-01-07T15:52:44.949464"
"e306e0bb-a3e5-4468-b980-817d1fd7de4d","b438fd30-7d7e-4085-93e7-7ee9855cca48","81.33","19.06","-0.06","0.59","","","","108.30","4.10","0.00","","2026-01-07T15:52:44.949464","2026-01-07T15:52:44.949464"
"f84c461b-c534-4a21-9390-3a1b44f73910","4f0644bf-89fa-4078-a107-b37054dd3abf","58.82","12.99","0.89","0.37","","","","508.80","71.64","0.17","","2026-01-07T15:52:44.949464","2026-01-07T15:52:44.949464"
"559b28b2-10dc-4162-a6bb-4e43510cd767","7d4661bb-959a-4eae-b282-916c664b6e2e","83.71","19.79","0.29","0.38","","","","51.93","6.00","0.05","","2026-01-07T15:52:44.949464","2026-01-07T15:52:44.949464"
"86bbfb72-5476-4a09-905c-2444630e7c67","b46f8bcc-aac8-492c-b2e2-49d876ba9617","87.07","1.27","19.29","0.54","","5.35","10.52","0.49","44.16","0.51","11.85","2026-01-07T15:52:44.949464","2026-01-07T15:52:44.949464"
"b8004a78-ea17-4538-be79-9302bf7c7c8c","db4a0046-b132-4ed1-9f07-8cb26315d378","23.94","0.72","4.97","0.13","","1.79","2.71","0.00","9.82","0.16","112.10","2026-01-07T15:52:44.949464","2026-01-07T15:52:44.949464"
"58205907-c7bb-48d5-af63-61616663df17","587d039b-967b-4d4c-a155-da428b537357","24.13","0.62","5.08","0.15","","1.72","2.70","0.00","10.10","0.04","89.94","2026-01-07T15:52:44.949464","2026-01-07T15:52:44.949464"
"de700935-f805-45f7-acb1-9710bc593e68","7b54172f-d0b2-4452-a0f9-d374f0b45468","27.99","1.43","5.14","0.19","","2.07","2.68","0.00","8.37","0.12","128.40","2026-01-07T15:52:44.949464","2026-01-07T15:52:44.949464"
"55fab19a-54dd-4fae-bc2d-b9427e8d1109","a8fd5284-be0b-4023-bba0-021f68df3197","29.23","0.86","6.14","0.14","","2.52","2.52","0.00","12.86","0.06","94.61","2026-01-07T15:52:44.949464","2026-01-07T15:52:44.949464"
"eacf5c3b-76de-41fc-a91a-dbe7279a6677","dc043822-35de-4606-b989-48ff46245324","26.37","1.31","4.96","0.14","","2.11","2.25","8.08","30.91","0.40","6.18","2026-01-07T15:52:44.949464","2026-01-07T15:52:44.949464"
"93c2c5ff-2e41-44df-88dd-070426a19efb","41ec59ea-dac1-45bd-9320-7f05e4fda7cc","19.60","0.66","4.06","0.08","","1.31","2.64","51.16","21.51","0.00","17.76","2026-01-07T15:52:44.949464","2026-01-07T15:52:44.949464"
"a27d6152-415c-4306-a172-56d4c2524e32","69f65576-2542-41f6-b4e1-6d63345e4bda","78.46","16.39","2.28","0.42","","","","252.40","14.03","0.17","","2026-01-07T15:52:44.949464","2026-01-07T15:52:44.949464"
"25f48dce-2d84-4a45-9518-d45b89c31f00","a3d1380d-0572-42b6-b497-6cdb2e148573","66.35","13.51","1.97","0.49","","","","313.00","10.54","0.21","","2026-01-07T15:52:44.949464","2026-01-07T15:52:44.949464"
"26d23e9b-09de-4a5a-9c00-5030489a8e55","bc33a741-75cc-423c-87b9-43ba87a54c98","209.39","14.92","0.14","16.57","","","","109.40","6.82","0.00","","2026-01-07T15:52:44.949464","2026-01-07T15:52:44.949464"
"dfb06be7-3ae7-4aa1-b618-944011d90a68","a00e945b-24c5-4b76-9482-0e3f9973e56d","89.54","20.66","0.44","0.57","","","","93.06","13.91","0.20","","2026-01-07T15:52:44.949464","2026-01-07T15:52:44.949464"
"caaf0ae0-d4b5-42f9-a30a-29a2f095cfa0","2d00bafd-68c6-47f1-9fc9-b71a451324d5","69.22","15.54","1.11","0.29","","","","728.50","97.80","0.28","","2026-01-07T15:52:44.949464","2026-01-07T15:52:44.949464"
"4b483574-21ba-45c8-b08f-1d399a13a91c","6e8f2ad5-49f5-40b5-a0fe-587ca43325ea","43.91","8.81","0.93","0.55","","","","271.90","10.56","0.00","","2026-01-07T15:52:44.949464","2026-01-07T15:52:44.949464"
"beb93423-4e13-4b0b-8b74-6acf15d3e5f0","95d1d18f-6d30-4860-87fe-e67606136041","151.86","19.24","0.45","8.12","","","","56.87","3.62","0.10","","2026-01-07T15:52:44.949464","2026-01-07T15:52:44.949464"
"58ac2a5b-4d53-4c77-a361-aa44554b55e8","ee97b49c-89f0-43f3-a92a-79bdfbee6327","101.87","24.70","-0.10","0.39","","","","94.37","3.19","0.59","","2026-01-07T15:52:44.949464","2026-01-07T15:52:44.949464"
"87e7f5d7-1498-408f-a794-30c450958955","c22a1225-6519-4776-ac87-99360b09c3ab","33.98","0.95","7.27","0.12","","1.92","5.09","12.80","32.70","0.00","26.78","2026-01-07T15:52:44.949464","2026-01-07T15:52:44.949464"
"763f4292-0652-4f9d-9c65-1e8ca88c0f8c","5e18a954-743a-456e-bda7-89378245a4d0","23.90","0.53","3.27","0.97","","1.54","2.22","3.76","16.93","0.00","7.09","2026-01-07T15:52:44.949464","2026-01-07T15:52:44.949464"
